{
  "version": 1,
  "author": "Mohamed Eslam",
  "editor": "wokwi",
  "parts": [
    { "type": "board-esp32-devkit-c-v4", "id": "esp", "top": 115.2, "left": 91.24, "attrs": {} },
    { "type": "wokwi-dht22", "id": "dht1", "top": -143.7, "left": -379.8, "attrs": {} },
    {
      "type": "wokwi-lcd1602",
      "id": "lcd1",
      "top": 160,
      "left": 610.4,
      "attrs": { "pins": "i2c" }
    },
    { "type": "wokwi-membrane-keypad", "id": "keypad1", "top": -395.6, "left": 15.2, "attrs": {} },
    { "type": "wokwi-pir-motion-sensor", "id": "pir1", "top": -140, "left": -256.98, "attrs": {} },
    { "type": "wokwi-led", "id": "led1", "top": 6, "left": -101.8, "attrs": { "color": "red" } },
    {
      "type": "wokwi-led",
      "id": "led2",
      "top": -502.8,
      "left": 167,
      "attrs": { "color": "green" }
    },
    {
      "type": "wokwi-led",
      "id": "led3",
      "top": -512.4,
      "left": 99.8,
      "attrs": { "color": "yellow" }
    },
    {
      "type": "wokwi-led",
      "id": "led4",
      "top": -502.8,
      "left": 42.2,
      "attrs": { "color": "red" }
    },
    {
      "type": "wokwi-pushbutton",
      "id": "btn1",
      "top": -32.2,
      "left": -48,
      "attrs": { "color": "green" }
    },
    { "type": "wokwi-servo", "id": "servo1", "top": -107.6, "left": 662.4, "attrs": {} },
    { "type": "wokwi-servo", "id": "servo2", "top": 17.2, "left": 652.8, "attrs": {} }
  ],
  "connections": [
    [ "esp:TX", "$serialMonitor:RX", "", [] ],
    [ "esp:RX", "$serialMonitor:TX", "", [] ],
    [ "lcd1:GND", "esp:GND.1", "black", [ "h0" ] ],
    [ "lcd1:VCC", "esp:5V", "red", [ "h0" ] ],
    [ "lcd1:SDA", "esp:21", "green", [ "h0" ] ],
    [ "lcd1:SCL", "esp:22", "green", [ "h0" ] ],
    [ "dht1:VCC", "esp:5V", "red", [ "v0" ] ],
    [ "dht1:GND", "esp:GND.1", "black", [ "v0" ] ],
    [ "dht1:NC", "esp:18", "green", [ "v0" ] ],
    [ "pir1:OUT", "esp:35", "green", [ "v0" ] ],
    [ "pir1:GND", "esp:GND.1", "black", [ "v0" ] ],
    [ "pir1:VCC", "esp:3V3", "red", [ "v0" ] ],
    [ "keypad1:R1", "esp:13", "green", [ "v0" ] ],
    [ "keypad1:R2", "esp:12", "green", [ "v0" ] ],
    [ "keypad1:R3", "esp:14", "green", [ "v0" ] ],
    [ "keypad1:R4", "esp:27", "green", [ "v0" ] ],
    [ "keypad1:C1", "esp:26", "green", [ "v0" ] ],
    [ "keypad1:C2", "esp:33", "green", [ "v0" ] ],
    [ "keypad1:C3", "esp:32", "green", [ "v0" ] ],
    [ "keypad1:C4", "esp:34", "green", [ "v0" ] ],
    [ "led4:C", "esp:GND.1", "green", [ "v0" ] ],
    [ "led3:C", "esp:GND.1", "green", [ "v0" ] ],
    [ "led2:C", "esp:GND.1", "green", [ "v0" ] ],
    [ "led1:C", "esp:GND.1", "green", [ "v0" ] ],
    [ "btn1:1.l", "esp:GND.1", "green", [ "h0" ] ],
    [ "led4:A", "esp:2", "green", [ "v0" ] ],
    [ "led3:A", "esp:15", "green", [ "v0" ] ],
    [ "led2:A", "esp:4", "green", [ "v0" ] ],
    [ "led1:A", "esp:23", "green", [ "v0" ] ],
    [ "btn1:2.r", "esp:23", "green", [ "h0" ] ],
    [ "servo1:GND", "esp:GND.3", "black", [ "h0" ] ],
    [ "servo2:GND", "esp:GND.3", "black", [ "h0" ] ],
    [ "servo2:V+", "esp:5V", "green", [ "h0" ] ],
    [ "servo1:V+", "esp:5V", "green", [ "h0" ] ],
    [ "servo2:PWM", "esp:16", "green", [ "h0" ] ],
    [ "servo1:PWM", "esp:17", "green", [ "h0" ] ]
  ],
  "dependencies": {}
}